,sepal-length,sepal-width,petal-length,petal-width
count,75.0,75.0,75.0,75.0
mean,5.872,3.0613333333333337,3.8039999999999994,1.212
std,0.8568578676801687,0.4684342329832766,1.8149856674290772,0.7695137109573497
min,4.3,2.0,1.0,0.1
25%,5.1,2.8,1.55,0.3
50%,5.8,3.0,4.5,1.4
75%,6.45,3.3499999999999996,5.1,1.8
max,7.7,4.4,6.9,2.5
