,sepal-length,sepal-width,petal-length,petal-width
count,75.0,75.0,75.0,75.0
mean,5.814666666666667,3.046666666666667,3.7133333333333334,1.1853333333333333
std,0.8029831766494128,0.3987593372060509,1.7233949315493793,0.7617003264981493
min,4.4,2.3,1.2,0.1
25%,5.1,2.8,1.6,0.3
50%,5.7,3.0,4.2,1.3
75%,6.35,3.25,5.1,1.8
max,7.9,4.2,6.4,2.5
